<?xml version='1.0' encoding='UTF-8' ?>
<timeLogEntries>
  <time id="1" path="/U1-Lab2-15203048/PSP0/Planning" start="@1471101749610" delta="42" interrupt="6" />
  <time id="2" path="/U1-Lab2-15203048/PSP0/Design" start="@1471105779655" delta="28" />
  <time id="3" path="/U1-Lab2-15203048/PSP0/Code" start="@1471107580363" delta="75" />
  <time id="4" path="/U1-Lab2-15203048/PSP0/Code" start="@1471113843321" delta="118" />
  <time id="5" path="/U1-Lab2-15203048/PSP0/Code" start="@1471124301500" delta="50" />
  <time id="6" path="/U1-Lab2-15203048/PSP0/Compile" start="@1471127333318" delta="12" />
  <time id="7" path="/U1-Lab2-15203048/PSP0/Test" start="@1471128080181" delta="19" />
  <time id="8" path="/U1-Lab2-15203048/PSP0/Postmortem" start="@1471129212542" delta="51" />
  <time id="9" path="/U1-Lab3-15203048/PSP0/Planning" start="@1471705693387" delta="61" />
  <time id="10" path="/U1-Lab3-15203048/PSP0/Design" start="@1471716627085" delta="87" />
  <time id="11" path="/U1-Lab3-15203048/PSP0/Code" start="@1471721936086" delta="410" />
  <time id="12" path="/U1-Lab3-15203048/PSP0/Compile" start="@1471831546632" delta="13" />
  <time id="13" path="/U1-Lab3-15203048/PSP0/Test" start="@1471832336684" delta="2" />
  <time id="14" path="/U1-Lab3-15203048/PSP0/Postmortem" start="@1471832472772" delta="9" />
  <time id="15" path="/U2-Lab1-15203048/PSP0/Planning" start="@1472313008889" delta="56" />
  <time id="16" path="/U2-Lab1-15203048/PSP0/Design" start="@1472316348847" delta="45" />
  <time id="17" path="/U2-Lab1-15203048/PSP0/Code" start="@1472319063856" delta="186" />
  <time id="18" path="/U2-Lab1-15203048/PSP0/Code" start="@1472338990309" delta="39" />
  <time id="19" path="/U2-Lab1-15203048/PSP0/Compile" start="@1472341314061" delta="34" />
  <time id="20" path="/U2-Lab1-15203048/PSP0/Test" start="@1472343336778" delta="30" />
  <time id="21" path="/U2-Lab1-15203048/PSP0/Postmortem" start="@1472345113889" delta="3" />
  <time id="22" path="/U2-Lab2-15203048/PSP0/Planning" start="@1472913540777" delta="86" />
  <time id="23" path="/U2-Lab2-15203048/PSP0/Design" start="@1472918729757" delta="57" />
  <time id="24" path="/U2-Lab2-15203048/PSP0/Code" start="@1472922152252" delta="241" />
  <time id="25" path="/U2-Lab2-15203048/PSP0/Compile" start="@1472936608684" delta="15" />
  <time id="26" path="/U2-Lab2-15203048/PSP0/Test" start="@1472937521187" delta="7" />
  <time id="27" path="/U2-Lab2-15203048/PSP0/Postmortem" start="@1472937929112" delta="6" />
  <time id="28" path="/U3-L2-15203048/PSP0/Planning" start="@1474597345006" delta="36" />
  <time id="29" path="/U3-L2-15203048/PSP0/Design" start="@1474599486347" delta="20" />
  <time id="30" path="/U3-L2-15203048/PSP0/Design" start="@1474746856971" delta="109" />
  <time id="31" path="/U3-L2-15203048/PSP0/Code" start="@1474753378245" delta="56" />
  <time id="32" path="/U3-L2-15203048/PSP0/Compile" start="@1474756768251" delta="6" />
  <time id="33" path="/U3-L2-15203048/PSP0/Test" start="@1474757135640" delta="4" />
  <time id="34" path="/U3-L2-15203048/PSP0/Postmortem" start="@1474757401543" delta="7" />
  <time id="35" path="/U4-L1-15203048/PSP0/Planning" start="@1475181687880" delta="28" />
  <time id="36" path="/U4-L1-15203048/PSP0/Design" start="@1475183339220" delta="40" />
  <time id="37" path="/U4-L1-15203048/PSP0/Code" start="@1475185732990" delta="119" />
  <time id="39" path="/U4-L1-15203048/PSP0/Compile" start="@1475336877734" delta="63" />
  <time id="40" path="/U4-L1-15203048/PSP0/Test" start="@1475340646361" delta="36" />
  <time id="41" path="/U4-L1-15203048/PSP0/Postmortem" start="@1475342805953" delta="11" />
  <time id="42" path="/U5-L1-15203048/PSP0/Planning" start="@1477104295214" delta="12" />
  <time id="43" path="/U5-L1-15203048/PSP0/Design" start="@1477105013165" delta="21" />
  <time id="44" path="/U5-L1-15203048/PSP0/Code" start="@1477106272835" delta="69" />
  <time id="45" path="/U5-L1-15203048/PSP0/Code" start="@1477156296747" delta="27" />
  <time id="46" path="/U5-L1-15203048/PSP0/Compile" start="@1477157937403" delta="14" />
  <time id="47" path="/U5-L1-15203048/PSP0/Test" start="@1477158805533" delta="76" />
  <time id="48" path="/U5-L1-15203048/PSP0/Postmortem" start="@1477163343189" delta="8" />
  <time id="49" path="/U5-L2-15203048/PSP0/Planning" start="@1477613725125" delta="19" />
  <time id="50" path="/U5-L2-15203048/PSP0/Design" start="@1477614835575" delta="13" />
  <time id="51" path="/U5-L2-15203048/PSP0/Code" start="@1477615621463" delta="2" />
  <time id="52" path="/U5-L2-15203048/PSP0/Code" start="@1477615793630" delta="73" />
  <time id="53" path="/U5-L2-15203048/PSP0/Compile" start="@1477620147593" delta="14" />
  <time id="54" path="/U5-L2-15203048/PSP0/Test" start="@1477620985253" delta="31" />
  <time id="55" path="/U5-L2-15203048/PSP0/Postmortem" start="@1477622815969" delta="16" />
  <time id="56" path="/Lab3- AED/PSP0/Planning" start="@1521901938000" delta="324" interrupt="10" comment="se planeo como abordar el problema y con que estructuras de datos, aplicando los pasos del metodo de la ingenieria" />
  <time id="57" path="/Lab3- AED/PSP0/Design" start="@1519834901000" delta="391" interrupt="9" comment="se empieza a diseñar el modelo del problema junto con los diagramas, tads y documentacion de informe" />
  <time id="58" path="/Lab3- AED/PSP0/Code" start="@1523112409000" delta="971" comment="se codifica la interfaz y las estructuras previamente seleccionadas y con estas se inició la solucion al problema" />
  <time id="59" path="/Lab3- AED/PSP0/Compile" start="@1523208771000" delta="35" comment="se corre el programa, agregando informacion de casos de prueba y se verifica si funciona" />
  <time id="60" path="/Lab3- AED/PSP0/Test" start="@1524325705000" delta="10" />
  <time id="61" path="/Lab3- AED/PSP0/Postmortem" start="@1524597027000" delta="14" interrupt="11" comment="el programa funcionó correctamente y se perfeccionaron detalles de buenas practicas" />
  <time id="62" path="/Lab3- AED/PSP0/Test" start="@1523716779000" delta="82" comment="se realizan pruebas unitarias y casos de prueba para probar que funcione en todos los casos" />
  <time id="63" path="/U5-L1-15203048/PSP0/Design" start="@1520998216247" delta="1" />
  <time id="64" path="/Lab3- AED/PSP0/Compile" start="@1524428867000" delta="16" />
</timeLogEntries>
