<?xml version='1.0' encoding='UTF-8' ?>
<timeLogEntries>
  <time path="/Lab3- AED/PSP0&#10;/PspTaller2-Jaramillo/PSP0" flag="R" />
  <time path="/Lab3- AED&#10;/PspTaller2-Jaramillo" flag="R" />
  <time id="56" start="@1534149138000" delta="-240" flag="M" />
  <time id="57" start="@1534152101000" delta="-320" flag="M" />
  <time id="58" start="@1534517209000" delta="-837" comment="se codifica la interfaz y las solucion al problema" flag="M" />
  <time id="59" start="@1524245571000" flag="M" />
  <time id="64" start="@1535228867000" flag="M" />
  <time id="62" start="@1534689579000" comment="se realizan pruebas finales" flag="M" />
  <time id="60" start="@1534693705000" flag="M" />
  <time id="61" start="@1535397027000" flag="M" />
</timeLogEntries>
