<?xml version='1.0' encoding='UTF-8' ?>
<timeLogEntries>
  <time path="/new&#10;/Taller3Integrador1_GermanCarvajal" flag="R" />
  <time id="1" path="/Taller3Integrador1_GermanCarvajal/PSP2.1/Planning" start="@1533939126000" delta="24" flag="A" />
  <time id="2" flag="D" />
  <time id="3" path="/Taller3Integrador1_GermanCarvajal/PSP2.1/Design" start="@1534777967000" delta="34" flag="A" />
  <time id="4" path="/Taller3Integrador1_GermanCarvajal/PSP2.1/Code" start="@1534782791000" delta="34" flag="A" />
  <time id="5" path="/Taller3Integrador1_GermanCarvajal/PSP2.1/Code" start="@1534791042000" delta="72" flag="A" />
  <time id="6" path="/Taller3Integrador1_GermanCarvajal/PSP2.1/Code" start="@1534796653000" delta="104" flag="A" />
  <time id="7" path="/Taller3Integrador1_GermanCarvajal/PSP2.1/Code" start="@1534806291000" delta="61" flag="A" />
  <time id="8" path="/Taller3Integrador1_GermanCarvajal/PSP2.1/Code" start="@1534814125000" delta="50" flag="A" />
  <time id="9" path="/Taller3Integrador1_GermanCarvajal/PSP2.1/Compile" start="@1534818362000" delta="20" flag="A" />
  <time id="10" flag="D" />
  <time id="11" path="/Taller3Integrador1_GermanCarvajal/PSP2.1/Test" start="@1534820207000" delta="13" flag="A" />
</timeLogEntries>
