<?xml version='1.0' encoding='UTF-8' ?>
<timeLogEntries>
  <time path="/Proyecto/new&#10;/Proyecto/PROYECTO_APP_MAPS" flag="R" />
  <time id="1" path="/Proyecto/PROYECTO_APP_MAPS/PSP2.1/Planning" start="@1534196691000" delta="37" flag="A" />
  <time id="2" path="/Proyecto/PROYECTO_APP_MAPS/PSP2.1/Planning" start="@1534199490000" delta="12" flag="A" />
  <time id="3" path="/Proyecto/PROYECTO_APP_MAPS/PSP2.1/Design" start="@1534780062000" delta="24" flag="A" />
  <time id="4" path="/Proyecto/PROYECTO_APP_MAPS/PSP2.1/Code" start="@1534781756000" delta="143" flag="A" />
  <time id="5" path="/Proyecto/PROYECTO_APP_MAPS/PSP2.1/Code" start="@1534798147000" delta="249" flag="A" />
  <time id="6" path="/Proyecto/PROYECTO_APP_MAPS/PSP2.1/Compile" start="@1534813719000" delta="12" flag="A" />
  <time id="7" path="/Proyecto/PROYECTO_APP_MAPS/PSP2.1/Test" start="@1534814439000" delta="48" flag="A" />
</timeLogEntries>
